{"train_loss": 54.58710077404976, "_runtime": 209, "_timestamp": 1641734537, "_step": 1, "val_acc": 0.6203576326370239, "val_loss": 18.159883469343185, "_wandb": {"runtime": 271}}